model,n_games,n_lined,MAE_all,RMSE_all,MedAE_all,WinAcc_all,MAE_lined,BookMAE_lined,DeltaVsBook_MAE,GaussianNLL,MeanAbsZ,Coverage_1sigma,Coverage_2sigma
HomeMarginMean,36557,32851,12.842025492884389,17.07472923905294,10.196985721588135,0.6669310939081434,11.313826741382908,8.834008097165992,2.479818644216916,,,,
Ridge,36557,32851,10.75715051121376,14.427733999643092,8.403624534606934,0.7329102497469705,9.490138439902656,8.834008097165992,0.6561303427366649,,,,
HistGradientBoosting,36557,32851,9.60771171787275,12.404355387218446,7.81210470199585,0.7393385671690784,9.101338498890552,8.834008097165992,0.2673304017245606,,,,
HistGradientBoostingMatchup,36557,32851,9.598486258859763,12.400615208351985,7.80716872215271,0.7393659217113001,9.09251939820641,8.834008097165992,0.25851130104041786,,,,
LightGBM,36557,32851,9.598239445987764,12.384698286157406,7.830483749508858,0.7379434855157699,9.101556972482127,8.834008097165992,0.2675488753161357,,,,
CurrentMLP,36557,32851,10.562204293610735,14.00054638000507,8.352994918823242,0.7317613589736576,9.593145171321805,8.834008097165992,0.759137074155813,4.018513160162797,0.7834446784722161,0.7047077167163608,0.947588697103154
PreferredBookSpread,32851,32851,,,,,8.834008097165992,8.834008097165992,0.0,,,,
