variant,holdout_season,games,lined_games,mae_all,mae_lined
gold_priorreg_k5_v1,2025,6292.0,5437.0,9.839714844840294,9.26681555475699
gold_priorreg_k5_v1_availability_shock_v1,2025,6292.0,5437.0,9.842925725465316,9.266245118535972
torvik,2025,6292.0,5437.0,9.634122009450563,9.114428160815947
torvik_availability_shock_v1,2025,6292.0,5437.0,9.643447757354114,9.122186627404098
