variant,holdout_season,slice,games,lined_games,mae_all,mae_lined
gold_priorreg_k5_v1,2025,dec15_plus,584.0,458.0,10.285404919268249,9.324754768101613
gold_priorreg_k5_v1,2025,pre_dec15,5708.0,4979.0,9.794115159579972,9.26148593842603
gold_priorreg_k5_v1_availability_shock_v1,2025,dec15_plus,584.0,458.0,10.385773950141976,9.407527153064239
gold_priorreg_k5_v1_availability_shock_v1,2025,pre_dec15,5708.0,4979.0,9.78738554270232,9.253249100899108
torvik,2025,dec15_plus,584.0,458.0,10.413992247425565,9.419519250288527
torvik,2025,pre_dec15,5708.0,4979.0,9.55433150157085,9.086363947323592
torvik_availability_shock_v1,2025,dec15_plus,584.0,458.0,10.407597034636327,9.409531953086661
torvik_availability_shock_v1,2025,pre_dec15,5708.0,4979.0,9.56526570095383,9.095754781820123
