option,n_games,gaussian_nll,cover_logloss,cover_brier,mean_sigma,std_sigma,mean_abs_z,cov1,cov2,top100_roi,top200_roi,top500_roi,top100_winrate,top200_winrate,top500_winrate,top100_avg_prob,top200_avg_prob,top500_avg_prob
hgbr_residual_log_scalar,5466.6992822616085,4.043648544362723,0.6985360884674541,0.2525232522247642,18.834241130122578,1.290768678017096,0.48691591053491046,0.8950124505639373,0.996997216932767,0.18251308307921751,0.11829220874335859,0.057092886533416785,0.6212574764415799,0.5870404488322855,0.5542269129784398,0.785875431122578,0.7376083096369828,0.6771139967148392
hgbr_residual_log_affine,5466.6992822616085,4.082145186516154,0.6982498265097756,0.25238256086502886,19.89774632315973,1.0350424093898316,0.46936573725255076,0.903471510180167,0.9964113080415995,0.17655535507410416,0.11622043823321836,0.05868179154959585,0.6184814741452905,0.5859398204690892,0.5550673777209686,0.7770107470865212,0.7301576371696049,0.6713865816355608
best_posthoc_sigma,5466.6992822616085,3.9007524460261975,0.7059691392179426,0.2556231614863257,13.935843042727008,0.670800395185329,0.6584214061627475,0.7765856159367218,0.9789805185293687,0.1893586295058391,0.10866902139899062,0.05953493481763586,0.6248432388555247,0.5816288983187807,0.5555114582827436,0.8484789233806826,0.7969837788043643,0.7267576208351721
constant_14_sigma,5466.6992822616085,3.900657963696612,0.7060270880328148,0.2556021038809463,14.0,0.0,0.6512134639052302,0.7827742785996777,0.980738245202871,0.1765252939531539,0.10578055714609108,0.06120080029828088,0.6183844635012791,0.5802014095442531,0.5563742737950085,0.8525075710542531,0.8005856649440825,0.7288221497522644
raw_mlp_sigma,5466.6992822616085,3.937852583209621,0.709384938388558,0.25699795189369745,13.743372170908028,2.683201580741316,0.7289441219215241,0.7341438406327816,0.9559469752453493,0.15387964898730971,0.09369314020533444,0.057015479979226874,0.605570717542082,0.5736163522325558,0.554221124162966,0.8539733538083546,0.8034294218900487,0.7363106770734265
