model,n_games,n_lined,MAE_all,RMSE_all,MedAE_all,WinAcc_all,MAE_lined,BookMAE_lined,DeltaVsBook_MAE,GaussianNLL,MeanAbsZ,Coverage_1sigma,Coverage_2sigma
HomeMarginMean,36557,32829,12.842025492884389,17.07472923905294,10.196985721588135,0.6669310939081434,11.315077642892055,8.80095342532517,2.5141242175668843,,,,
Ridge,36557,32829,10.96544434339665,14.729483670024047,8.574076652526855,0.7210930875071806,9.641920497652826,8.80095342532517,0.8409670723276559,,,,
HistGradientBoosting,36557,32829,9.748327312816592,12.622393435380566,7.914766550064087,0.7397762398446261,9.211214263446362,8.80095342532517,0.4102608381211912,,,,
LightGBM,36557,32829,9.744823288026694,12.60971101353345,7.902658462524414,0.7398309489290696,9.218549794829896,8.80095342532517,0.4175963695047251,,,,
CurrentMLP,36557,32829,10.198332737583145,13.442003296790029,8.118158102035522,0.7389829581201959,9.29980949150655,8.80095342532517,0.49885606618138034,3.976449310654485,0.8113521167764519,0.6843285827611675,0.9429384249254589
PreferredBookSpread,32829,32829,,,,,8.80095342532517,8.80095342532517,0.0,,,,
