model,n_games,n_lined,MAE_all,RMSE_all,MedAE_all,WinAcc_all,MAE_lined,BookMAE_lined,DeltaVsBook_MAE,GaussianNLL,MeanAbsZ,Coverage_1sigma,Coverage_2sigma
HomeMarginMean,6292,5437,13.345008596370572,17.796558355464047,10.699463844299316,0.6711697393515575,11.544547112917273,8.759334191649806,2.7852129212674672,,,,
Ridge,6292,5437,11.103833474934063,14.930239057073612,8.669016599655151,0.7374443738080102,9.632860139645437,8.759334191649806,0.8735259479956312,,,,
HistGradientBoosting,6292,5437,9.634122007700222,12.438851186462838,7.901084154844284,0.7414176732358551,9.114428161454843,8.759334191649806,0.3550939698050364,,,,
HistGradientBoostingMatchup,6292,5437,9.662600583087718,12.48289836705965,7.909965753555298,0.7436427209154481,9.12797527247269,8.759334191649806,0.3686410808228846,,,,
LightGBM,6292,5437,9.678493058757525,12.499743904860681,7.977084636688232,0.7404640813731723,9.170746804344084,8.759334191649806,0.41141261269427787,,,,
CurrentMLP,6292,5437,9.93550942049084,12.9326058751105,7.9975481033325195,0.7480928162746344,9.234320987070092,8.759334191649806,0.47498679542028555,3.951037599139374,0.771450138749678,0.7054990464081373,0.9543865225683408
PreferredBookSpread,5437,5437,,,,,8.759334191649806,8.759334191649806,0.0,,,,
