slice,n_games,hgbr_mae_lined,lgb_mae_lined,mae_diff_lgb_minus_hgbr,ci95_lo,ci95_hi,lgb_game_win_rate,tie_rate
All lined games,32851,9.101338498890552,9.101556972482127,0.00021847359157459848,-0.016672074071172056,0.017056751196127314,0.500532708288941,0.0
Nov-Dec,12590,9.485600128101938,9.487860488646694,0.002260360544756598,-0.02293882505226528,0.03077711438658447,0.5027799841143765,0.0
Jan-Mar,20217,8.864293180171497,8.863537765888534,-0.000755414282965639,-0.020369516969891078,0.0186585214400005,0.4992827818172825,0.0
