slice,n_games,hgbr_mae_lined,lgb_mae_lined,mae_diff_lgb_minus_hgbr,ci95_lo,ci95_hi,lgb_game_win_rate,tie_rate,holdout_season
2019 all,5543,9.024237635669714,9.029044278506772,0.004806642837058755,-0.03369501831567162,0.04653818791160219,0.5002706115821757,0.0,2019
2020 all,5326,9.0991585931235,9.097774912601494,-0.0013836805220050553,-0.04087797621279436,0.03828287594978793,0.5001877581674803,0.0,2020
2022 all,5463,8.918140076599943,8.920520613472267,0.002380536872322129,-0.03630689318506986,0.04165067727807915,0.4924034413326011,0.0,2022
2023 all,5773,9.179093382655077,9.144447506869376,-0.03464587578570167,-0.07377674535619698,0.001742737946637907,0.5108262601766845,0.0,2023
2024 all,5309,9.274581257336093,9.249850544162193,-0.02473071317390091,-0.06635811409198669,0.0168770730001455,0.505368242606894,0.0,2024
2025 all,5437,9.114428161454843,9.170746804344084,0.05631864288924025,0.01249752012775203,0.0993999709968044,0.49365458892771746,0.0,2025
