{
  "rows": 12730,
  "market_fav_margin_quantiles": {
    "0.5": 5.5,
    "0.75": 9.5,
    "0.9": 15.0,
    "0.95": 19.5,
    "0.99": 29.5
  },
  "model_fav_margin_quantiles": {
    "0.5": 5.573848859783794,
    "0.75": 9.314415652289568,
    "0.9": 13.914360687772543,
    "0.95": 18.101617784659854,
    "0.99": 26.708167014983566
  },
  "actual_fav_margin_quantiles": {
    "0.5": 7.0,
    "0.75": 15.0,
    "0.9": 23.0,
    "0.95": 29.0,
    "0.99": 41.0
  },
  "market_15plus_share": 0.1035349567949725,
  "model_15plus_share": 0.08389630793401413,
  "actual_15plus_share": 0.2507462686567164,
  "market_10plus_share": 0.24422623723487824,
  "model_10plus_share": 0.21846032992930087,
  "actual_10plus_share": 0.40290652003142186
}