scope,corr_log_n_vs_abs_bias,corr_log_n_vs_resid_std
pooled,-0.7501962904905937,-0.40216675089487947
dec15,-0.8246181626394585,-0.4263284266701144
