model,n_games,n_lined,MAE_all,RMSE_all,MedAE_all,WinAcc_all,MAE_lined,BookMAE_lined,DeltaVsBook_MAE,GaussianNLL,MeanAbsZ,Coverage_1sigma,Coverage_2sigma
HomeMarginMean,5356,4799,14.281513038903052,19.096712801637587,11.396856307983398,0.6743838685586259,12.049439288546925,9.07178578870598,2.977653499840944,,,,
Ridge,5356,4799,11.52828424959774,15.706359570542766,8.770183801651001,0.739731142643764,9.72688572385406,9.07178578870598,0.6550999351480797,,,,
HistGradientBoosting,5356,4799,9.879066260666288,12.779283284831964,8.022071599960327,0.7544809559372666,9.218306407223531,9.07178578870598,0.14652061851755072,,,,
LightGBM,5356,4799,9.915809131412201,12.795063137311285,8.067551374435425,0.7520537714712472,9.28118708671264,9.07178578870598,0.20940129800665908,,,,
CurrentMLP,5356,4799,10.152133942747946,13.318297484092538,8.112344980239868,0.7533607169529499,9.26455461775997,9.07178578870598,0.19276882905398907,3.9722324970248897,0.8162217262592509,0.6857729648991785,0.9402539208364451
PreferredBookSpread,4799,4799,,,,,9.07178578870598,9.07178578870598,0.0,,,,
