n_games,n_lined,MAE_all,RMSE_all,MedAE_all,WinAcc_all,MAE_lined,BookMAE_lined,DeltaVsBook_MAE,GaussianNLL,MeanAbsZ,Coverage_1sigma,Coverage_2sigma,model,slice
36557,32829,9.598416634146458,12.386510011286695,7.805086135864258,0.7403506852312827,9.097075205063197,8.80095342532517,0.29612177973802645,,,,,baseline_current_contract,full
32966,29848,9.524612878630059,12.272203639074776,7.763718962669373,0.7348783595219317,9.069164354945602,8.77628316805146,0.29288118689414233,,,,,baseline_current_contract,pre_dec15
3591,2981,10.275947852290047,13.390343777341227,8.109638214111328,0.7905875800612643,9.376539497015559,9.047970479704796,0.3285690173107625,,,,,baseline_current_contract,dec15_plus
36557,32829,9.598416634146458,12.386510011286695,7.805086135864258,0.7403506852312827,9.097075205063197,8.80095342532517,0.29612177973802645,,,,,swap_safe_v2_contract,full
32966,29848,9.524612878630059,12.272203639074776,7.763718962669373,0.7348783595219317,9.069164354945602,8.77628316805146,0.29288118689414233,,,,,swap_safe_v2_contract,pre_dec15
3591,2981,10.275947852290047,13.390343777341227,8.109638214111328,0.7905875800612643,9.376539497015559,9.047970479704796,0.3285690173107625,,,,,swap_safe_v2_contract,dec15_plus
