n_games,n_lined,MAE_all,RMSE_all,MedAE_all,WinAcc_all,MAE_lined,BookMAE_lined,DeltaVsBook_MAE,GaussianNLL,MeanAbsZ,Coverage_1sigma,Coverage_2sigma,model
36557,32829,9.598416634146458,12.386510011286695,7.805086135864258,0.7403506852312827,9.097075205063197,8.80095342532517,0.29612177973802645,,,,,baseline_current_contract
36557,32829,9.598416634146458,12.386510011286695,7.805086135864258,0.7403506852312827,9.097075205063197,8.80095342532517,0.29612177973802645,,,,,swap_safe_v2_contract
