{"importance": {"neutral_site": {"mean_mae_increase": 0.04627978006998698, "std_mae_increase": 0.015322038505317758, "rank": 33}, "away_team_adj_oe": {"mean_mae_increase": 1.0413411458333333, "std_mae_increase": 0.04517325250789065, "rank": 1}, "away_team_BARTHAG": {"mean_mae_increase": 0.4576306660970052, "std_mae_increase": 0.03142671386397435, "rank": 6}, "away_team_adj_de": {"mean_mae_increase": 0.44747784932454426, "std_mae_increase": 0.029003947608776132, "rank": 7}, "away_team_adj_pace": {"mean_mae_increase": 0.09107996622721354, "std_mae_increase": 0.015486838597398762, "rank": 23}, "home_team_adj_oe": {"mean_mae_increase": 0.49472147623697915, "std_mae_increase": 0.031065075932242187, "rank": 5}, "home_team_adj_de": {"mean_mae_increase": 0.41643492380777997, "std_mae_increase": 0.016234689390939, "rank": 9}, "home_team_adj_pace": {"mean_mae_increase": 0.04659684499104818, "std_mae_increase": 0.009406635672283586, "rank": 32}, "home_team_BARTHAG": {"mean_mae_increase": 0.433705202738444, "std_mae_increase": 0.026770181637605497, "rank": 8}, "home_team_home": {"mean_mae_increase": 0.024833043416341145, "std_mae_increase": 0.00784195183239065, "rank": 40}, "away_team_home": {"mean_mae_increase": 0.0, "std_mae_increase": 0.0, "rank": 52}, "away_eff_fg_pct": {"mean_mae_increase": 0.579865837097168, "std_mae_increase": 0.03378589587567803, "rank": 4}, "away_ft_pct": {"mean_mae_increase": 0.07170575459798177, "std_mae_increase": 0.012129770428667452, "rank": 25}, "away_ft_rate": {"mean_mae_increase": 0.03160794576009115, "std_mae_increase": 0.00890579630403769, "rank": 38}, "away_3pt_rate": {"mean_mae_increase": 0.03321711222330729, "std_mae_increase": 0.011629408975121013, "rank": 35}, "away_3p_pct": {"mean_mae_increase": 0.1686618169148763, "std_mae_increase": 0.022120168855966568, "rank": 16}, "away_off_rebound_pct": {"mean_mae_increase": 0.18368129730224608, "std_mae_increase": 0.022137840626545762, "rank": 14}, "away_def_rebound_pct": {"mean_mae_increase": 0.10474618275960286, "std_mae_increase": 0.013016320951708963, "rank": 19}, "away_def_eff_fg_pct": {"mean_mae_increase": 0.23495407104492189, "std_mae_increase": 0.020247991465749952, "rank": 12}, "away_def_ft_rate": {"mean_mae_increase": -0.001105944315592448, "std_mae_increase": 0.003973808483492049, "rank": 53}, "away_def_3pt_rate": {"mean_mae_increase": 0.010641924540201823, "std_mae_increase": 0.009011770104978634, "rank": 48}, "away_def_3p_pct": {"mean_mae_increase": 0.09847710927327474, "std_mae_increase": 0.017281215543940937, "rank": 21}, "away_def_off_rebound_pct": {"mean_mae_increase": 0.04890658060709636, "std_mae_increase": 0.01342446923053209, "rank": 31}, "away_def_def_rebound_pct": {"mean_mae_increase": 0.00756384531656901, "std_mae_increase": 0.005860433522890087, "rank": 49}, "home_eff_fg_pct": {"mean_mae_increase": 0.17060044606526692, "std_mae_increase": 0.019460982006125734, "rank": 15}, "home_ft_pct": {"mean_mae_increase": 0.07016201019287109, "std_mae_increase": 0.01296904243719024, "rank": 26}, "home_ft_rate": {"mean_mae_increase": 0.021303240458170572, "std_mae_increase": 0.008330133584755645, "rank": 41}, "home_3pt_rate": {"mean_mae_increase": 0.018690109252929688, "std_mae_increase": 0.013564721738961179, "rank": 43}, "home_3p_pct": {"mean_mae_increase": 0.10707931518554688, "std_mae_increase": 0.022134744761649935, "rank": 18}, "home_off_rebound_pct": {"mean_mae_increase": 0.05035552978515625, "std_mae_increase": 0.013037826976384406, "rank": 30}, "home_def_rebound_pct": {"mean_mae_increase": 0.01705036163330078, "std_mae_increase": 0.0057610408714540845, "rank": 44}, "home_def_eff_fg_pct": {"mean_mae_increase": 0.20110677083333334, "std_mae_increase": 0.020884272093989492, "rank": 13}, "home_opp_ft_rate": {"mean_mae_increase": 0.0036986033121744794, "std_mae_increase": 0.006023238103666871, "rank": 51}, "home_def_3pt_rate": {"mean_mae_increase": 0.03282801310221354, "std_mae_increase": 0.012363502230296981, "rank": 36}, "home_def_3p_pct": {"mean_mae_increase": 0.05724550882975261, "std_mae_increase": 0.01536352051124061, "rank": 28}, "home_def_off_rebound_pct": {"mean_mae_increase": 0.05252621968587239, "std_mae_increase": 0.012560912874740504, "rank": 29}, "home_def_def_rebound_pct": {"mean_mae_increase": 0.011607487996419271, "std_mae_increase": 0.005804900733011567, "rank": 46}, "home_rest_days": {"mean_mae_increase": 0.011537424723307292, "std_mae_increase": 0.005369731474138921, "rank": 47}, "away_rest_days": {"mean_mae_increase": 0.018816121419270835, "std_mae_increase": 0.005218749557286532, "rank": 42}, "rest_advantage": {"mean_mae_increase": 0.015427207946777344, "std_mae_increase": 0.004985941865925622, "rank": 45}, "home_sos_oe": {"mean_mae_increase": 0.09666665395100911, "std_mae_increase": 0.011958479669535926, "rank": 22}, "home_sos_de": {"mean_mae_increase": 0.11179078420003255, "std_mae_increase": 0.02033047416425846, "rank": 17}, "away_sos_oe": {"mean_mae_increase": 0.029534149169921874, "std_mae_increase": 0.0127973279856287, "rank": 39}, "away_sos_de": {"mean_mae_increase": 0.9247357686360677, "std_mae_increase": 0.045779965802929576, "rank": 2}, "home_conf_strength": {"mean_mae_increase": 0.6125515619913737, "std_mae_increase": 0.032169669642942135, "rank": 3}, "away_conf_strength": {"mean_mae_increase": 0.40047327677408856, "std_mae_increase": 0.029231148836262353, "rank": 10}, "home_form_delta": {"mean_mae_increase": -0.002902348836263021, "std_mae_increase": 0.002615602305041178, "rank": 54}, "away_form_delta": {"mean_mae_increase": 0.004891840616861979, "std_mae_increase": 0.002382369274290862, "rank": 50}, "home_tov_rate": {"mean_mae_increase": 0.05921878814697266, "std_mae_increase": 0.010937589328992164, "rank": 27}, "home_def_tov_rate": {"mean_mae_increase": 0.08133837381998697, "std_mae_increase": 0.013890561020341679, "rank": 24}, "away_tov_rate": {"mean_mae_increase": 0.03172225952148437, "std_mae_increase": 0.013467752374408191, "rank": 37}, "away_def_tov_rate": {"mean_mae_increase": 0.2872058868408203, "std_mae_increase": 0.021274112218670944, "rank": 11}, "home_margin_std": {"mean_mae_increase": 0.034344991048177086, "std_mae_increase": 0.009803672174439733, "rank": 34}, "away_margin_std": {"mean_mae_increase": 0.10095558166503907, "std_mae_increase": 0.008358213934735053, "rank": 20}}, "zero_neg": ["away_team_home", "away_def_ft_rate", "home_form_delta"], "high_corr_pairs": [["neutral_site", "home_team_home", 0.9999999999999998], ["away_team_adj_oe", "away_team_adj_pace", 0.9618495397633364], ["away_team_adj_oe", "away_sos_oe", 0.9593310274766773], ["away_team_adj_oe", "away_sos_de", 0.9681895179245558], ["away_team_adj_de", "away_team_adj_pace", 0.9667314717047566], ["away_team_adj_de", "away_sos_oe", 0.973740514092921], ["away_team_adj_de", "away_sos_de", 0.9641250779308632], ["away_team_adj_pace", "away_sos_oe", 0.9829191723509396], ["away_team_adj_pace", "away_sos_de", 0.9811598151153813], ["home_team_adj_pace", "home_sos_oe", 0.9605525011201863], ["home_team_adj_pace", "home_sos_de", 0.9583769210697718], ["away_eff_fg_pct", "away_3p_pct", 0.961228974208423], ["away_eff_fg_pct", "away_def_rebound_pct", 0.957468875922375], ["away_def_eff_fg_pct", "away_def_3p_pct", 0.9614632791556108], ["away_def_eff_fg_pct", "away_def_def_rebound_pct", 0.950452887838357], ["home_sos_oe", "home_sos_de", 0.9566945168714102], ["away_sos_oe", "away_sos_de", 0.9819093653141281]], "baseline_mae": 9.918179512023926, "baseline_book_mae": 9.4054297948037, "n_book_games": 5440,