n_games,n_lined,MAE_all,RMSE_all,MedAE_all,WinAcc_all,MAE_lined,BookMAE_lined,DeltaVsBook_MAE,GaussianNLL,MeanAbsZ,Coverage_1sigma,Coverage_2sigma,model,holdout_season,best_epoch
5528,4971,8.872296424159394,11.30407361884086,7.322309494018555,0.7612156295224313,8.830527505670076,9.052001609334138,-0.22147410366406106,3.852566955326647,0.7509632018003399,0.723589001447178,0.9571273516642547,CurrentMLP,2026,23.0
5528,4971,9.383919307663861,12.032678332630516,7.7486066818237305,0.7489146164978292,9.116549127792714,9.052001609334138,0.06454751845857665,,,,,HistGradientBoosting,2026,
5528,4971,14.136254355462347,18.930079205724063,11.396856307983398,0.6731186685962374,11.965135664125487,9.052001609334138,2.9131340547913496,,,,,HomeMarginMean,2026,
5528,4971,9.360061861480599,11.982759860774806,7.703642249107361,0.7510853835021708,9.112062488879427,9.052001609334138,0.060060879545289936,,,,,LightGBM,2026,511.0
4971,4971,,,,,9.052001609334138,9.052001609334138,0.0,,,,,PreferredBookSpread,2026,
5528,4971,9.415570937582277,12.136755625676106,7.632220029830933,0.7585021707670043,8.743454966715849,9.052001609334138,-0.308546642618289,,,,,Ridge,2026,
