source,games,lined_games,mae_all,mae_lined,book_mae_lined,delta_vs_book_mae
torvik,36557.0,32829.0,9.607711718104532,9.102717214650175,8.80095342532517,0.3017637893250047
gold_priorreg_k5_v1,36557.0,32829.0,9.745726987892512,9.20464160252295,8.80095342532517,0.40368817719777894
gold_priorreg_k10_v1,36557.0,32829.0,9.761396340521136,9.20973378746907,8.80095342532517,0.408780362143899
gold_priorreg_k15_v1,36557.0,32829.0,9.774828906251441,9.233511751011559,8.80095342532517,0.4325583256863883
gold_current,36557.0,32829.0,9.893004670681066,9.36308048954573,8.80095342532517,0.5621270642205598
