model,n_games,n_lined,MAE_all,RMSE_all,MedAE_all,WinAcc_all,MAE_lined,BookMAE_lined,DeltaVsBook_MAE,GaussianNLL,MeanAbsZ,Coverage_1sigma,Coverage_2sigma
HomeMarginMean,5356,4799,14.281513038903052,19.096712801637587,11.396856307983398,0.6743838685586259,12.049439288546925,9.07178578870598,2.977653499840944,,,,
Ridge,5356,4799,11.524194844896176,15.702855104617834,8.774203777313232,0.7406646751306946,9.726177160331025,9.07178578870598,0.654391371625044,,,,
HistGradientBoosting,5356,4799,9.885637672286071,12.79199432446188,8.0388662815094,0.7548543689320388,9.215561403294029,9.07178578870598,0.14377561458804777,,,,
LightGBM,5356,4799,9.931725935914251,12.81157136165171,8.088210821151733,0.7511202389843167,9.288232735949224,9.07178578870598,0.21644694724324332,,,,
CurrentMLP,5356,4799,10.148605894275104,13.31330556640462,8.099085927009583,0.7539208364451083,9.25788650286461,9.07178578870598,0.18610071415862883,3.972639546749052,0.8165726450533034,0.684839432412248,0.9396938013442868
PreferredBookSpread,4799,4799,,,,,9.07178578870598,9.07178578870598,0.0,,,,
