source,games,lined_games,mae_all,mae_lined,book_mae_lined,delta_vs_book_mae
torvik,36557.0,32829.0,9.607711718104532,9.102717214650175,8.80095342532517,0.3017637893250047
gold_priorreg_k5_v1,36557.0,32829.0,9.745726987892512,9.20464160252295,8.80095342532517,0.40368817719777894
gold_priorreg_k5_hl30_v1,36557.0,32829.0,9.766559938949346,9.225330093514742,8.80095342532517,0.42437666818957176
gold_priorreg_k5_hl60_v1,36557.0,32829.0,9.767560756747693,9.21646318132332,8.80095342532517,0.41550975599814954
gold_priorreg_k5_hl45_v1,36557.0,32829.0,9.76762279546201,9.219295764972964,8.80095342532517,0.41834233964779344
gold_current,36557.0,32829.0,9.893004670681066,9.36308048954573,8.80095342532517,0.5621270642205598
