variant,games,lined_games,mae_all,mae_lined
gold_priorreg_k5_v1,36557.0,32829.0,9.745726987892512,9.20464160252295
gold_priorreg_k5_v1_rotation_availability_v1,36557.0,32829.0,9.751822628044598,9.207713186665156
torvik,36557.0,32829.0,9.607711718104532,9.102717214650175
torvik_rotation_availability_v1,36557.0,32829.0,9.614239360383278,9.105570345699714
