variant,slice,games,lined_games,mae_all,mae_lined
gold_priorreg_k5_v1,dec15_plus,3591.0,2981.0,10.221136141015272,9.36967188780657
gold_priorreg_k5_v1,pre_dec15,32966.0,29848.0,9.693940472426158,9.18815958428285
gold_priorreg_k5_v1_rotation_availability_v1,dec15_plus,3591.0,2981.0,10.251235098257219,9.383936523462973
gold_priorreg_k5_v1_rotation_availability_v1,pre_dec15,32966.0,29848.0,9.697421421330603,9.190113288280196
torvik,dec15_plus,3591.0,2981.0,10.288531314748804,9.390494586229282
torvik,pre_dec15,32966.0,29848.0,9.533549758159447,9.07397611492231
torvik_rotation_availability_v1,dec15_plus,3591.0,2981.0,10.30670922959112,9.397355841840792
torvik_rotation_availability_v1,pre_dec15,32966.0,29848.0,9.538808331434504,9.076428943796854
