model,n_games,n_lined,MAE_all,RMSE_all,MedAE_all,WinAcc_all,MAE_lined,BookMAE_lined,DeltaVsBook_MAE,GaussianNLL,MeanAbsZ,Coverage_1sigma,Coverage_2sigma
HomeMarginMean,36557,32829,12.842025492884389,17.07472923905294,10.196985721588135,0.6669310939081434,11.315077642892055,8.80095342532517,2.5141242175668843,,,,
Ridge,36557,32829,10.741694537477471,14.408414314172653,8.412577629089355,0.7331290860847444,9.475257407943884,8.80095342532517,0.6743039826187136,,,,
HistGradientBoosting,36557,32829,9.598416634146458,12.386510011286695,7.805086135864258,0.7403506852312827,9.097075205063197,8.80095342532517,0.29612177973802645,,,,
LightGBM,36557,32829,9.586128466905864,12.364367034775295,7.815303802490234,0.7399403670979566,9.094680562466184,8.80095342532517,0.2937271371410137,,,,
CurrentMLP,36557,32829,10.5582295875793,13.993564910424888,8.335461854934692,0.733156440626966,9.594075404095515,8.80095342532517,0.7931219787703441,4.01639366471262,0.7801334323723345,0.7056924802363432,0.9483819788275843
PreferredBookSpread,32829,32829,,,,,8.80095342532517,8.80095342532517,0.0,,,,
