model,n_games,n_lined,MAE_all,RMSE_all,MedAE_all,WinAcc_all,MAE_lined,BookMAE_lined,DeltaVsBook_MAE,GaussianNLL,MeanAbsZ,Coverage_1sigma,Coverage_2sigma
HomeMarginMean,36557,32829,12.842025492884389,17.07472923905294,10.196985721588135,0.6669310939081434,11.315077642892055,8.80095342532517,2.5141242175668843,,,,
Ridge,36557,32829,10.75715051121376,14.427733999643092,8.403624534606934,0.7329102497469705,9.491470182412955,8.80095342532517,0.690516757087785,,,,
HistGradientBoosting,36557,32829,9.60771171787275,12.404355387218446,7.81210470199585,0.7393385671690784,9.102717216378963,8.80095342532517,0.3017637910537925,,,,
LightGBM,36557,32829,9.598239445987764,12.384698286157406,7.830483749508858,0.7379434855157699,9.102734200188749,8.80095342532517,0.30178077486357857,,,,
CurrentMLP,36557,32829,10.562204293610735,14.00054638000507,8.352994918823242,0.7317613589736576,9.595239596905758,8.80095342532517,0.7942861715805876,4.018513160162797,0.7834446784722161,0.7047077167163608,0.947588697103154
PreferredBookSpread,32829,32829,,,,,8.80095342532517,8.80095342532517,0.0,,,,
