variant,holdout_season,games,lined_games,mae_all,mae_lined
gold_priorreg_k5_v1,2025,6292.0,5437.0,9.839714844840294,9.26681555475699
gold_priorreg_k5_v1_rotation_availability_v1,2025,6292.0,5437.0,9.826611835068396,9.249226730016666
torvik,2025,6292.0,5437.0,9.634122009450563,9.114428160815947
torvik_rotation_availability_v1,2025,6292.0,5437.0,9.635714617875216,9.120070524836393
