variant,holdout_season,slice,games,lined_games,mae_all,mae_lined
gold_priorreg_k5_v1,2025,dec15_plus,584.0,458.0,10.285404919268249,9.324754768101613
gold_priorreg_k5_v1,2025,pre_dec15,5708.0,4979.0,9.794115159579972,9.26148593842603
gold_priorreg_k5_v1_rotation_availability_v1,2025,dec15_plus,584.0,458.0,10.321581260245376,9.371978868001115
gold_priorreg_k5_v1_rotation_availability_v1,2025,pre_dec15,5708.0,4979.0,9.775970254076219,9.237935209792346
torvik,2025,dec15_plus,584.0,458.0,10.413992247425565,9.419519250288527
torvik,2025,pre_dec15,5708.0,4979.0,9.55433150157085,9.086363947323592
torvik_rotation_availability_v1,2025,dec15_plus,584.0,458.0,10.38429215491398,9.357348084432793
torvik_rotation_availability_v1,2025,pre_dec15,5708.0,4979.0,9.559125745830604,9.098244229938793
