variant,games,lined_games,mae_all,mae_lined
gold_priorreg_k5_v1,36557.0,32829.0,9.745726987892512,9.20464160252295
gold_priorreg_k5_v1_availability_shock_v1,36557.0,32829.0,9.742543795039657,9.20680711610234
torvik,36557.0,32829.0,9.607711718104532,9.102717214650175
torvik_availability_shock_v1,36557.0,32829.0,9.609582142447591,9.10296792367674
