variant,slice,games,lined_games,mae_all,mae_lined
gold_priorreg_k5_v1,dec15_plus,3591.0,2981.0,10.221136141015272,9.36967188780657
gold_priorreg_k5_v1,pre_dec15,32966.0,29848.0,9.693940472426158,9.18815958428285
gold_priorreg_k5_v1_availability_shock_v1,dec15_plus,3591.0,2981.0,10.262700736423493,9.396976281160624
gold_priorreg_k5_v1_availability_shock_v1,pre_dec15,32966.0,29848.0,9.685882884510342,9.187814410358612
torvik,dec15_plus,3591.0,2981.0,10.288531314748804,9.390494586229282
torvik,pre_dec15,32966.0,29848.0,9.533549758159447,9.07397611492231
torvik_availability_shock_v1,dec15_plus,3591.0,2981.0,10.278853131012761,9.37789173924131
torvik_availability_shock_v1,pre_dec15,32966.0,29848.0,9.536678177151908,9.075510543142098
