{
  "regressor": {
    "hidden1": 512,
    "hidden2": 128,
    "dropout": 0.34710672204238735,
    "lr": 0.0009082297049061073,
    "weight_decay": 1.3539944284917058e-05,
    "batch_size": 128
  },
  "classifier": {
    "hidden1": 128,
    "dropout": 0.46797797309873074,
    "lr": 0.0009988822771390294,
    "weight_decay": 3.9687562191399185e-06,
    "batch_size": 128
  }
}