{
  "regressor": {
    "hidden1": 128,
    "hidden2": 128,
    "dropout": 0.45,
    "lr": 0.0073,
    "weight_decay": 0.00018,
    "batch_size": 128
  },
  "classifier": {
    "hidden1": 128,
    "dropout": 0.46797797309873074,
    "lr": 0.0009988822771390294,
    "weight_decay": 3.9687562191399185e-06,
    "batch_size": 128
  }
}
