{
  "regressor": {
    "hidden1": 256,
    "hidden2": 384,
    "dropout": 0.20798625466052895,
    "batch_size": 2048,
    "lr": 0.0004259893897554594,
    "loss": "gaussian",
    "arch_type": "shared",
    "sigma_param": "exp",
    "lr_variant": "V2",
    "best_epoch": 16,
    "book_spread_mae": 9.12895679473877,
    "overall_mae": 10.00253677368164,
    "cal_score": 0.06592316627502441,
    "sigma_std": 2.4854366779327393,
    "weight_decay": 6.847920095574779e-05
  },
  "classifier": {
    "hidden1": 384,
    "dropout": 0.24966462104925913,
    "lr": 0.0001700037298921101,
    "weight_decay": 2.9375384576328313e-06,
    "batch_size": 1024
  },
  "mu_regressor": {
    "learning_rate": 0.011236213390203352,
    "num_leaves": 155,
    "max_depth": 11,
    "min_child_samples": 101,
    "subsample": 0.6718455076693483,
    "colsample_bytree": 0.44883605700319196,
    "reg_alpha": 0.5456725485601477,
    "reg_lambda": 0.015876781526923997,
    "objective": "regression",
    "n_estimators": 5000,
    "random_state": 42,
    "n_jobs": -1,
    "verbosity": -1,
    "deterministic": true,
    "force_col_wise": true
  }
}
