{
  "name": "ml_meta_small_v1",
  "features": [
    "mu",
    "sigma_cap14",
    "z14",
    "post_dec15",
    "abs_mu"
  ],
  "intercept": 0.020175630994879585,
  "coefficients": {
    "mu": 0.15059080225978677,
    "sigma_cap14": -0.008192640820978753,
    "z14": 0.08477442454897068,
    "post_dec15": 0.0740213341463982,
    "abs_mu": 0.004037300255673246
  },
  "trained_seasons": [
    2019,
    2020,
    2022,
    2023,
    2024,
    2025
  ],
  "sigma_mode": "cap14"
}